,title,subtitle,link
0,WAT TO DO?,How Sesko and Watkins compare as Man Utd eye blockbuster deal to solve goal woes,https://www.thesun.co.uk/sport/36069459/benjamin-sesko-ollie-watkins-compare-man-utd-transfer/
1,WAT TO DO?,How Sesko and Watkins compare as Man Utd eye blockbuster deal to solve goal woes,https://www.thesun.co.uk/sport/36069459/benjamin-sesko-ollie-watkins-compare-man-utd-transfer/
2,WAT TO DO?,How Sesko and Watkins compare as Man Utd eye blockbuster deal to solve goal woes,https://www.thesun.co.uk/sport/36069459/benjamin-sesko-ollie-watkins-compare-man-utd-transfer/
3,WAT TO DO?,How Sesko and Watkins compare as Man Utd eye blockbuster deal to solve goal woes,https://www.thesun.co.uk/sport/36069459/benjamin-sesko-ollie-watkins-compare-man-utd-transfer/
4,WAT TO DO?,How Sesko and Watkins compare as Man Utd eye blockbuster deal to solve goal woes,https://www.thesun.co.uk/sport/36069459/benjamin-sesko-ollie-watkins-compare-man-utd-transfer/
5,WAT TO DO?,How Sesko and Watkins compare as Man Utd eye blockbuster deal to solve goal woes,https://www.thesun.co.uk/sport/36069459/benjamin-sesko-ollie-watkins-compare-man-utd-transfer/
6,WAT TO DO?,How Sesko and Watkins compare as Man Utd eye blockbuster deal to solve goal woes,https://www.thesun.co.uk/sport/36069459/benjamin-sesko-ollie-watkins-compare-man-utd-transfer/
7,WAT TO DO?,How Sesko and Watkins compare as Man Utd eye blockbuster deal to solve goal woes,https://www.thesun.co.uk/sport/36069459/benjamin-sesko-ollie-watkins-compare-man-utd-transfer/
8,WAT TO DO?,How Sesko and Watkins compare as Man Utd eye blockbuster deal to solve goal woes,https://www.thesun.co.uk/sport/36069459/benjamin-sesko-ollie-watkins-compare-man-utd-transfer/
9,WAT TO DO?,How Sesko and Watkins compare as Man Utd eye blockbuster deal to solve goal woes,https://www.thesun.co.uk/sport/36069459/benjamin-sesko-ollie-watkins-compare-man-utd-transfer/
10,WAT TO DO?,How Sesko and Watkins compare as Man Utd eye blockbuster deal to solve goal woes,https://www.thesun.co.uk/sport/36069459/benjamin-sesko-ollie-watkins-compare-man-utd-transfer/
11,WAT TO DO?,How Sesko and Watkins compare as Man Utd eye blockbuster deal to solve goal woes,https://www.thesun.co.uk/sport/36069459/benjamin-sesko-ollie-watkins-compare-man-utd-transfer/
12,WAT TO DO?,How Sesko and Watkins compare as Man Utd eye blockbuster deal to solve goal woes,https://www.thesun.co.uk/sport/36069459/benjamin-sesko-ollie-watkins-compare-man-utd-transfer/
13,WAT TO DO?,How Sesko and Watkins compare as Man Utd eye blockbuster deal to solve goal woes,https://www.thesun.co.uk/sport/36069459/benjamin-sesko-ollie-watkins-compare-man-utd-transfer/
14,WAT TO DO?,How Sesko and Watkins compare as Man Utd eye blockbuster deal to solve goal woes,https://www.thesun.co.uk/sport/36069459/benjamin-sesko-ollie-watkins-compare-man-utd-transfer/
15,WAT TO DO?,How Sesko and Watkins compare as Man Utd eye blockbuster deal to solve goal woes,https://www.thesun.co.uk/sport/36069459/benjamin-sesko-ollie-watkins-compare-man-utd-transfer/
16,WAT TO DO?,How Sesko and Watkins compare as Man Utd eye blockbuster deal to solve goal woes,https://www.thesun.co.uk/sport/36069459/benjamin-sesko-ollie-watkins-compare-man-utd-transfer/
17,WAT TO DO?,How Sesko and Watkins compare as Man Utd eye blockbuster deal to solve goal woes,https://www.thesun.co.uk/sport/36069459/benjamin-sesko-ollie-watkins-compare-man-utd-transfer/
18,WAT TO DO?,How Sesko and Watkins compare as Man Utd eye blockbuster deal to solve goal woes,https://www.thesun.co.uk/sport/36069459/benjamin-sesko-ollie-watkins-compare-man-utd-transfer/
19,WAT TO DO?,How Sesko and Watkins compare as Man Utd eye blockbuster deal to solve goal woes,https://www.thesun.co.uk/sport/36069459/benjamin-sesko-ollie-watkins-compare-man-utd-transfer/
20,WAT TO DO?,How Sesko and Watkins compare as Man Utd eye blockbuster deal to solve goal woes,https://www.thesun.co.uk/sport/36069459/benjamin-sesko-ollie-watkins-compare-man-utd-transfer/
21,WAT TO DO?,How Sesko and Watkins compare as Man Utd eye blockbuster deal to solve goal woes,https://www.thesun.co.uk/sport/36069459/benjamin-sesko-ollie-watkins-compare-man-utd-transfer/
22,WAT TO DO?,How Sesko and Watkins compare as Man Utd eye blockbuster deal to solve goal woes,https://www.thesun.co.uk/sport/36069459/benjamin-sesko-ollie-watkins-compare-man-utd-transfer/
23,WAT TO DO?,How Sesko and Watkins compare as Man Utd eye blockbuster deal to solve goal woes,https://www.thesun.co.uk/sport/36069459/benjamin-sesko-ollie-watkins-compare-man-utd-transfer/
24,WAT TO DO?,How Sesko and Watkins compare as Man Utd eye blockbuster deal to solve goal woes,https://www.thesun.co.uk/sport/36069459/benjamin-sesko-ollie-watkins-compare-man-utd-transfer/
25,WAT TO DO?,How Sesko and Watkins compare as Man Utd eye blockbuster deal to solve goal woes,https://www.thesun.co.uk/sport/36069459/benjamin-sesko-ollie-watkins-compare-man-utd-transfer/
26,WAT TO DO?,How Sesko and Watkins compare as Man Utd eye blockbuster deal to solve goal woes,https://www.thesun.co.uk/sport/36069459/benjamin-sesko-ollie-watkins-compare-man-utd-transfer/
27,WAT TO DO?,How Sesko and Watkins compare as Man Utd eye blockbuster deal to solve goal woes,https://www.thesun.co.uk/sport/36069459/benjamin-sesko-ollie-watkins-compare-man-utd-transfer/
28,WAT TO DO?,How Sesko and Watkins compare as Man Utd eye blockbuster deal to solve goal woes,https://www.thesun.co.uk/sport/36069459/benjamin-sesko-ollie-watkins-compare-man-utd-transfer/
29,WAT TO DO?,How Sesko and Watkins compare as Man Utd eye blockbuster deal to solve goal woes,https://www.thesun.co.uk/sport/36069459/benjamin-sesko-ollie-watkins-compare-man-utd-transfer/
30,WAT TO DO?,How Sesko and Watkins compare as Man Utd eye blockbuster deal to solve goal woes,https://www.thesun.co.uk/sport/36069459/benjamin-sesko-ollie-watkins-compare-man-utd-transfer/
31,WAT TO DO?,How Sesko and Watkins compare as Man Utd eye blockbuster deal to solve goal woes,https://www.thesun.co.uk/sport/36069459/benjamin-sesko-ollie-watkins-compare-man-utd-transfer/
32,WAT TO DO?,How Sesko and Watkins compare as Man Utd eye blockbuster deal to solve goal woes,https://www.thesun.co.uk/sport/36069459/benjamin-sesko-ollie-watkins-compare-man-utd-transfer/
33,WAT TO DO?,How Sesko and Watkins compare as Man Utd eye blockbuster deal to solve goal woes,https://www.thesun.co.uk/sport/36069459/benjamin-sesko-ollie-watkins-compare-man-utd-transfer/
34,WAT TO DO?,How Sesko and Watkins compare as Man Utd eye blockbuster deal to solve goal woes,https://www.thesun.co.uk/sport/36069459/benjamin-sesko-ollie-watkins-compare-man-utd-transfer/
35,WAT TO DO?,How Sesko and Watkins compare as Man Utd eye blockbuster deal to solve goal woes,https://www.thesun.co.uk/sport/36069459/benjamin-sesko-ollie-watkins-compare-man-utd-transfer/
36,WAT TO DO?,How Sesko and Watkins compare as Man Utd eye blockbuster deal to solve goal woes,https://www.thesun.co.uk/sport/36069459/benjamin-sesko-ollie-watkins-compare-man-utd-transfer/
37,WAT TO DO?,How Sesko and Watkins compare as Man Utd eye blockbuster deal to solve goal woes,https://www.thesun.co.uk/sport/36069459/benjamin-sesko-ollie-watkins-compare-man-utd-transfer/
38,WAT TO DO?,How Sesko and Watkins compare as Man Utd eye blockbuster deal to solve goal woes,https://www.thesun.co.uk/sport/36069459/benjamin-sesko-ollie-watkins-compare-man-utd-transfer/
39,WAT TO DO?,How Sesko and Watkins compare as Man Utd eye blockbuster deal to solve goal woes,https://www.thesun.co.uk/sport/36069459/benjamin-sesko-ollie-watkins-compare-man-utd-transfer/
40,WAT TO DO?,How Sesko and Watkins compare as Man Utd eye blockbuster deal to solve goal woes,https://www.thesun.co.uk/sport/36069459/benjamin-sesko-ollie-watkins-compare-man-utd-transfer/
41,WAT TO DO?,How Sesko and Watkins compare as Man Utd eye blockbuster deal to solve goal woes,https://www.thesun.co.uk/sport/36069459/benjamin-sesko-ollie-watkins-compare-man-utd-transfer/
42,WAT TO DO?,How Sesko and Watkins compare as Man Utd eye blockbuster deal to solve goal woes,https://www.thesun.co.uk/sport/36069459/benjamin-sesko-ollie-watkins-compare-man-utd-transfer/
43,WAT TO DO?,How Sesko and Watkins compare as Man Utd eye blockbuster deal to solve goal woes,https://www.thesun.co.uk/sport/36069459/benjamin-sesko-ollie-watkins-compare-man-utd-transfer/
44,WAT TO DO?,How Sesko and Watkins compare as Man Utd eye blockbuster deal to solve goal woes,https://www.thesun.co.uk/sport/36069459/benjamin-sesko-ollie-watkins-compare-man-utd-transfer/
45,WAT TO DO?,How Sesko and Watkins compare as Man Utd eye blockbuster deal to solve goal woes,https://www.thesun.co.uk/sport/36069459/benjamin-sesko-ollie-watkins-compare-man-utd-transfer/
46,WAT TO DO?,How Sesko and Watkins compare as Man Utd eye blockbuster deal to solve goal woes,https://www.thesun.co.uk/sport/36069459/benjamin-sesko-ollie-watkins-compare-man-utd-transfer/
47,WAT TO DO?,How Sesko and Watkins compare as Man Utd eye blockbuster deal to solve goal woes,https://www.thesun.co.uk/sport/36069459/benjamin-sesko-ollie-watkins-compare-man-utd-transfer/
48,WAT TO DO?,How Sesko and Watkins compare as Man Utd eye blockbuster deal to solve goal woes,https://www.thesun.co.uk/sport/36069459/benjamin-sesko-ollie-watkins-compare-man-utd-transfer/
49,WAT TO DO?,How Sesko and Watkins compare as Man Utd eye blockbuster deal to solve goal woes,https://www.thesun.co.uk/sport/36069459/benjamin-sesko-ollie-watkins-compare-man-utd-transfer/
50,WAT TO DO?,How Sesko and Watkins compare as Man Utd eye blockbuster deal to solve goal woes,https://www.thesun.co.uk/sport/36069459/benjamin-sesko-ollie-watkins-compare-man-utd-transfer/
51,WAT TO DO?,How Sesko and Watkins compare as Man Utd eye blockbuster deal to solve goal woes,https://www.thesun.co.uk/sport/36069459/benjamin-sesko-ollie-watkins-compare-man-utd-transfer/
52,WAT TO DO?,How Sesko and Watkins compare as Man Utd eye blockbuster deal to solve goal woes,https://www.thesun.co.uk/sport/36069459/benjamin-sesko-ollie-watkins-compare-man-utd-transfer/
53,WAT TO DO?,How Sesko and Watkins compare as Man Utd eye blockbuster deal to solve goal woes,https://www.thesun.co.uk/sport/36069459/benjamin-sesko-ollie-watkins-compare-man-utd-transfer/
54,WAT TO DO?,How Sesko and Watkins compare as Man Utd eye blockbuster deal to solve goal woes,https://www.thesun.co.uk/sport/36069459/benjamin-sesko-ollie-watkins-compare-man-utd-transfer/
